Name,N/A,Min Price,Type
_____,,$0.40,Creature - Shapeshifter
_____ _____ _____ Trespasser,,$0.06,Creature - Human Rogue Guest
_____ _____ Rocketship,,$0.01,Artifact - Vehicle
_____ Balls of Fire,,$0.01,Enchantment
_____ Bird Gets the Worm,,$0.01,Creature - Bird Guest
_____ Goblin,,$0.17,Creature - Goblin Guest
_____-o-saurus,,$0.01,Creature - Alien Dinosaur
"""Brims"" Barone, Midway Mobster",,$0.09,Legendary Creature - Human Rogue
"""Lifetime"" Pass Holder",,$0.13,Creature - Zombie Guest
"""Rumors of My Death . . .""",,$0.10,Enchantment
+2 Mace,,$0.01,Artifact - Equipment
1996 World Champion,,N/A,Summon - Legend
A Display of My Dark Power,,$8.59,Scheme
A Good Day to Pie,,$0.06,Instant
A Good Thing,,$1.34,Enchantment
A Little Chat,,$0.08,Instant
A Real Handful,,$0.06,Creature - Alien Child Guest
A Reckoning Approaches,,$1.09,Scheme
"A-Baba Lysaga, Night Witch",,N/A,Legendary Creature - Human Warlock
A-Baleful Beholder,,N/A,Creature - Beholder
A-Blessed Hippogriff // A-Tyr's Blessing,,N/A,Creature - Hippogriff // Instant - Adventure
A-Carnelian Orb of Dragonkind,,N/A,Artifact
A-Circle of the Land Druid,,N/A,Creature - Gnome Druid
A-Dawnbringer Cleric,,N/A,Creature - Human Cleric
A-Dragonborn Looter,,N/A,Creature - Dragon Rogue
A-Druidic Ritual,,N/A,Sorcery
A-Earthquake Dragon,,N/A,Creature - Elemental Dragon
A-Emerald Dragon // A-Dissonant Wave,,N/A,Creature - Dragon // Instant - Adventure
A-Eyes of the Beholder,,N/A,Instant
A-Goggles of Night,,N/A,Artifact - Equipment
